<?xml version="1.0" encoding="UTF-8"?>
<!DOCTYPE hibernate-configuration PUBLIC
        "-//Hibernate/Hibernate Configuration DTD 3.0//EN"
        "http://hibernate.sourceforge.net/hibernate-configuration-3.0.dtd">

<hibernate-configuration>
	<session-factory>
		<property name="connection.driver_class" >org.postgresql.Driver</property>
		<property name="connection.url">jdbc:postgresql://localhost:5432/dbhb3</property>
		<property name="connection.username">postgres</property>
		<property name="connection.password" >0147</property>
		
		<property name="connection.pool_size">1</property>
		
		<property name="dialect">org.hibernate.dialect.PostgreSQLDialect</property>
		
		<property name="connection.show_sql">true</property>
		
		<property name = "cache.provider_class" >org.hibernate.cache.NoCacheProvider </property>

		<property name = "hbm2ddl.auto" >create</property>
		
		<mapping class = "org.idex.model.Member" />
		<mapping class = "org.idex.model.Patient" />
		<mapping class = "org.idex.model.Guardian" />
		<mapping class = "org.idex.model.Address" />
		<mapping class = "org.idex.model.Invoice" />
		
		<mapping class = "org.idex.model.Product" />
		

	</session-factory>
</hibernate-configuration>