<?xml version="1.0" encoding="UTF-8"?>
<!DOCTYPE hibernate-configuration SYSTEM 
"http://www.hibernate.org/dtd/hibernate-configuration-3.0.dtd">
<hibernate-configuration>

	<session-factory>
		<property name="connection.driver_class">org.postgresql.Driver</property>
		<property name="connection.url">jdbc:postgresql://localhost:5432/dbtest</property>
		<property name="connection.username">postgres</property>
		<property name="connection.password">0147</property>
		<property name = "dialect" >org.hibernate.dialect.PostgreSQLDialect</property>
		<property name="connection.pool_size">1</property>
		<property name="connection.show_sql">true</property>
		<property name="cache.provider_class">org.hibernate.cache.NoCacheProvider</property>
		<property name="hbm2ddl.auto">update</property>
		
		<mapping class="com.im.classified.Member"/>
		<mapping class="com.im.classified.Category"/>
		<mapping class="com.im.classified.Add"/>
		
		
		
	</session-factory>

</hibernate-configuration>