<?xml version='1.0' encoding='utf-8'?>
<!DOCTYPE hibernate-configuration PUBLIC
        "-//Hibernate/Hibernate Configuration DTD 3.0//EN"
        "http://hibernate.sourceforge.net/hibernate-configuration-3.0.dtd">

<hibernate-configuration>

    <session-factory>

        <!-- Database connection settings -->
        <!-- <property name="connection.driver_class">org.hsqldb.jdbcDriver</property>
                    <property name="connection.url">jdbc:hsqldb:hsql://localhost/TestDB</property> -->

        <property name="connection.driver_class">org.postgresql.Driver</property>
        <property name="connection.url">jdbc:postgresql://localhost:5432/dbex1</property>
        <property name="connection.username">postgres</property>
        <property name="connection.password">0147</property>
        

        <!-- JDBC connection pool (use the built-in) -->
        <property name="connection.pool_size">1</property>

        <!-- SQL dialect -->
        <property name="dialect">
            org.hibernate.dialect.PostgreSQLDialect
        </property>

        <!-- Enable Hibernate's automatic session context management -->
        <property name="current_session_context_class">thread</property>

        <property name="cache.provider_class">org.hibernate.cache.NoCacheProvider</property>
        <!-- Echo all executed SQL to stdout -->
        <property name="show_sql">true</property>
        
        <property name="hbm2ddl.auto">create</property>
		
		<mapping class="org.idex.model.Profile"/>


    </session-factory>

</hibernate-configuration>
